"id","data_inversa","dia_semana","horario","uf","br","km","municipio","causa_acidente","tipo_acidente","classificacao_acidente","fase_dia","sentido_via","condicao_metereologica","tipo_pista","tracado_via","uso_solo","pessoas","mortos","feridos_leves","feridos_graves","ilesos","ignorados","feridos","veiculos","latitude","longitude","regional","delegacia","uop"
521271,2023-05-05,"sexta-feira",21:50:00,"PB",104,"110,6","LAGOA SECA","Entrada inopinada do pedestre","Atropelamento de Pedestre","Com Vítimas Fatais","Plena Noite","Crescente","Vento","Simples","Reta","Não",2,1,0,0,0,1,0,1,"-7,12844791",-3586084776,"SPRF-PB","DEL02-PB","UOP04-DEL02-PB"
521318,2023-05-06,"sábado",06:00:00,"PB",230,"460,1","SOUSA","Velocidade Incompatível","Saída de leito carroçável","Com Vítimas Feridas","Pleno dia","Crescente","Céu Claro","Simples","Desvio Temporário","Não",2,0,1,1,0,0,2,1,"-6,7752",-381982,"SPRF-PB","DEL03-PB","UOP03-DEL03-PB"
521319,2023-05-06,"sábado",06:20:00,"PB",101,"85","BAYEUX","Pedestre cruzava a pista fora da faixa","Atropelamento de Pedestre","Com Vítimas Feridas","Pleno dia","Decrescente","Céu Claro","Dupla","Reta","Sim",2,0,1,1,0,0,2,1,"-7,14538184",-3491662887,"SPRF-PB","DEL01-PB","UOP01-DEL01-PB"
521323,2023-05-06,"sábado",06:00:00,"PB",230,"75,7","RIACHAO DO POCO","Reação tardia ou ineficiente do condutor","Tombamento","Com Vítimas Feridas","Amanhecer","Crescente","Céu Claro","Dupla","Reta","Não",1,0,1,0,0,0,1,1,"-7,18732404",-3528527141,"SPRF-PB","DEL01-PB","UOP03-DEL01-PB"
521481,2023-05-06,"sábado",21:10:00,"PB",104,"116,9","LAGOA SECA","Ultrapassagem Indevida","Colisão frontal","Com Vítimas Feridas","Plena Noite","Crescente","Nublado","Simples","Reta","Não",3,0,1,1,1,0,2,2,"-7,18022102",-3586480593,"SPRF-PB","DEL02-PB","UOP04-DEL02-PB"
521542,2023-05-07,"domingo",05:20:00,"PB",427,"3","PAULISTA","Manobra de mudança de faixa","Colisão frontal","Com Vítimas Feridas","Amanhecer","Crescente","Céu Claro","Simples","Reta","Não",3,0,1,0,2,0,1,2,"-6,652994",-37499153,"SPRF-PB","DEL03-PB","UOP02-DEL03-PB"
521571,2023-05-06,"sábado",14:49:00,"PB",412,"119,4","SUME","Mal súbito do condutor","Saída de leito carroçável","Com Vítimas Fatais","Pleno dia","Crescente","Céu Claro","Simples","Não Informado","Não",1,1,0,0,0,0,0,1,"-7,730964",-36954933,"SPRF-PB","DEL02-PB","UOP02-DEL02-PB"
521631,2023-05-07,"domingo",18:30:00,"PB",101,"84,3","BAYEUX","Manobra de mudança de faixa","Colisão lateral mesmo sentido","Com Vítimas Feridas","Plena Noite","Decrescente","Nublado","Dupla","Reta","Sim",2,0,1,0,1,0,1,2,"-7,13957906",-3492312806,"SPRF-PB","DEL01-PB","UOP01-DEL01-PB"
521649,2023-05-07,"domingo",20:00:00,"PB",104,"118","LAGOA SECA","Condutor deixou de manter distância do veículo da frente","Colisão traseira","Com Vítimas Feridas","Plena Noite","Decrescente","Céu Claro","Simples","Reta","Não",2,0,1,0,1,0,1,2,"-7,19637839",-3587571339,"SPRF-PB","DEL02-PB","UOP04-DEL02-PB"
521862,2023-05-08,"segunda-feira",17:30:00,"PB",230,"406","POMBAL","Ingestão de álcool pelo condutor","Colisão traseira","Sem Vítimas","Anoitecer","Crescente","Céu Claro","Simples","Não Informado","Sim",3,0,0,0,3,0,0,2,"-6,765658",-37794578,"SPRF-PB","DEL03-PB","UOP02-DEL03-PB"
522019,2023-05-09,"terça-feira",16:45:00,"PB",230,"161,8","CAMPINA GRANDE","Acessar a via sem observar a presença dos outros veículos","Colisão transversal","Com Vítimas Fatais","Pleno dia","Crescente","Céu Claro","Simples","Reta","Não",3,1,1,1,0,0,2,2,"-7,2361",-35941,"SPRF-PB","DEL02-PB","UOP01-DEL02-PB"
522035,2023-05-09,"terça-feira",17:50:00,"PB",230,"159,4","CAMPINA GRANDE","Acessar a via sem observar a presença dos outros veículos","Colisão transversal","Com Vítimas Feridas","Plena Noite","Decrescente","Céu Claro","Simples","Reta","Sim",2,0,1,0,0,1,1,2,"-7,25042022",-3593435884,"SPRF-PB","DEL02-PB","UOP01-DEL02-PB"
522071,2023-05-09,"terça-feira",18:55:00,"PB",412,"128,9","MONTEIRO","Reação tardia ou ineficiente do condutor","Saída de leito carroçável","Com Vítimas Feridas","Plena Noite","Decrescente","Céu Claro","Simples","Interseção de vias","Não",2,0,2,0,0,0,2,1,"-7,787073",-37012352,"SPRF-PB","DEL02-PB","UOP02-DEL02-PB"
522124,2023-05-10,"quarta-feira",10:30:00,"PB",101,"89,9","JOAO PESSOA","Manobra de mudança de faixa","Colisão lateral mesmo sentido","Com Vítimas Feridas","Pleno dia","Crescente","Céu Claro","Dupla","Não Informado","Sim",2,0,1,0,1,0,1,2,"-7,181221",-34900828,"SPRF-PB","DEL01-PB","UOP02-DEL01-PB"
522173,2023-05-10,"quarta-feira",14:30:00,"PB",230,"1,3","PATOS","Acessar a via sem observar a presença dos outros veículos","Colisão transversal","Com Vítimas Feridas","Pleno dia","Crescente","Céu Claro","Simples","Reta","Não",2,0,0,1,1,0,1,2,"-7,024862",-37280304,"SPRF-PB","DEL03-PB","UOP01-DEL03-PB"
522237,2023-05-10,"quarta-feira",22:20:00,"PB",101,"35,7","SANTA RITA","Ausência de reação do condutor","Tombamento","Com Vítimas Feridas","Plena Noite","Crescente","Céu Claro","Simples","Curva","Não",2,0,1,1,0,0,2,1,"-7,12362",-3494495,"SPRF-PB","DEL01-PB","UOP04-DEL01-PB"
522303,2023-05-11,"quinta-feira",10:33:00,"PB",230,"6","CABEDELO","Ausência de reação do condutor","Colisão traseira","Com Vítimas Feridas","Pleno dia","Decrescente","Céu Claro","Múltipla","Reta","Sim",2,0,1,0,1,0,1,2,"-7,02902289",-3483972788,"SPRF-PB","DEL01-PB","UOP01-DEL01-PB"
522400,2023-05-11,"quinta-feira",17:48:00,"PB",101,"86","BAYEUX","Condutor deixou de manter distância do veículo da frente","Engavetamento","Com Vítimas Feridas","Anoitecer","Decrescente","Céu Claro","Dupla","Reta","Sim",4,0,0,1,2,1,1,4,"-7,15118983",-3491012184,"SPRF-PB","DEL01-PB","UOP01-DEL01-PB"
522483,2023-05-12,"sexta-feira",06:10:00,"PB",101,"89","JOAO PESSOA","Manobra de mudança de faixa","Colisão lateral mesmo sentido","Com Vítimas Feridas","Pleno dia","Crescente","Sol","Dupla","Retorno Regulamentado","Sim",3,0,1,0,2,0,1,2,"-7,1811963",-3490080357,"SPRF-PB","DEL01-PB","UOP02-DEL01-PB"
522528,2023-05-12,"sexta-feira",10:45:00,"PB",230,"256,9","TENORIO","Reação tardia ou ineficiente do condutor","Saída de leito carroçável","Com Vítimas Feridas","Pleno dia","Crescente","Céu Claro","Simples","Reta","Não",1,0,1,0,0,0,1,1,"-7,0177",-366742,"SPRF-PB","DEL03-PB","UOP01-DEL03-PB"
522571,2023-05-12,"sexta-feira",15:30:00,"PB",230,"8","CABEDELO","Reação tardia ou ineficiente do condutor","Tombamento","Com Vítimas Feridas","Pleno dia","Crescente","Céu Claro","Dupla","Reta","Sim",3,0,2,0,0,1,2,2,"-7,029583",-34840216,"SPRF-PB","DEL01-PB","UOP01-DEL01-PB"
522583,2023-05-12,"sexta-feira",16:10:00,"PB",230,"81,5","CALDAS BRANDAO","Pedestre cruzava a pista fora da faixa","Atropelamento de Pedestre","Com Vítimas Fatais","Pleno dia","Crescente","Céu Claro","Simples","Não Informado","Sim",2,1,0,0,1,0,0,2,"-7,1727",-353284,"SPRF-PB","DEL01-PB","UOP03-DEL01-PB"
522584,2023-05-12,"sexta-feira",16:45:00,"PB",230,"16,8","JOAO PESSOA","Reação tardia ou ineficiente do condutor","Colisão lateral mesmo sentido","Com Vítimas Feridas","Anoitecer","Crescente","Céu Claro","Dupla","Reta","Sim",3,0,1,0,2,0,1,2,"-7,1121",-348426,"SPRF-PB","DEL01-PB","UOP01-DEL01-PB"
522602,2023-05-12,"sexta-feira",17:00:00,"PB",104,"143,7","QUEIMADAS","Acessar a via sem observar a presença dos outros veículos","Colisão transversal","Com Vítimas Feridas","Plena Noite","Crescente","Céu Claro","Simples","Reta","Não",2,0,1,0,1,0,1,2,"-7,40477903",-3589667929,"SPRF-PB","DEL02-PB","UOP03-DEL02-PB"
522607,2023-05-12,"sexta-feira",17:50:00,"PB",230,"72,5","SOBRADO","Acesso irregular","Colisão transversal","Com Vítimas Feridas","Plena Noite","Crescente","Céu Claro","Dupla","Reta","Não",4,0,1,2,1,0,3,3,"-7,1907",-352418,"SPRF-PB","DEL01-PB","UOP03-DEL01-PB"
522731,2023-05-13,"sábado",08:10:00,"PB",104,"145","QUEIMADAS","Acessar a via sem observar a presença dos outros veículos","Colisão transversal","Sem Vítimas","Pleno dia","Crescente","Céu Claro","Simples","Reta","Não",3,0,0,0,3,0,0,3,"-7,42278697",-3589513073,"SPRF-PB","DEL02-PB","UOP03-DEL02-PB"
522738,2023-05-13,"sábado",09:10:00,"PB",230,"4,9","CABEDELO","Manobra de mudança de faixa","Colisão traseira","Com Vítimas Feridas","Pleno dia","Crescente","Céu Claro","Dupla","Não Informado","Sim",2,0,1,0,1,0,1,2,"-7,01",-348312,"SPRF-PB","DEL01-PB","UOP01-DEL01-PB"
522830,2023-05-13,"sábado",17:25:00,"PB",230,"160","CAMPINA GRANDE","Ingestão de álcool pelo condutor","Colisão frontal","Sem Vítimas","Plena Noite","Decrescente","Céu Claro","Simples","Reta","Sim",3,0,0,0,3,0,0,2,"-7,2436",-359375,"SPRF-PB","DEL02-PB","UOP01-DEL02-PB"
522845,2023-05-13,"sábado",18:40:00,"PB",230,"152","CAMPINA GRANDE","Acessar a via sem observar a presença dos outros veículos","Colisão lateral mesmo sentido","Com Vítimas Feridas","Plena Noite","Decrescente","Garoa/Chuvisco","Simples","Reta","Sim",2,0,1,0,1,0,1,2,"-7,2688",-358837,"SPRF-PB","DEL02-PB","UOP01-DEL02-PB"
522886,2023-05-13,"sábado",19:00:00,"PB",434,"7,7","UIRAUNA","Reação tardia ou ineficiente do condutor","Colisão traseira","Com Vítimas Fatais","Plena Noite","Decrescente","Céu Claro","Simples","Reta","Não",2,1,0,0,0,1,0,2,"-6,457627",-38443624,"SPRF-PB","DEL03-PB","UOP03-DEL03-PB"
522933,2023-05-14,"domingo",00:40:00,"PB",230,"137,8","MASSARANDUBA","Ingestão de álcool pelo condutor","Saída de leito carroçável","Com Vítimas Feridas","Plena Noite","Decrescente","Chuva","Dupla","Não Informado","Não",1,0,0,1,0,0,1,1,"-7,2766",-357739,"SPRF-PB","DEL02-PB","UOP01-DEL02-PB"
522938,2023-05-13,"sábado",20:20:00,"PB",104,"1,4","NOVA FLORESTA","Transitar na contramão","Colisão frontal","Com Vítimas Feridas","Plena Noite","Crescente","Garoa/Chuvisco","Simples","Reta","Não",2,0,1,0,0,1,1,2,"-6,442351",-3620277203,"SPRF-PB","DEL02-PB","UOP04-DEL02-PB"
523000,2023-05-14,"domingo",11:18:00,"PB",101,"86,6","JOAO PESSOA","Condutor deixou de manter distância do veículo da frente","Engavetamento","Sem Vítimas","Pleno dia","Decrescente","Céu Claro","Simples","Reta","Sim",3,0,0,0,3,0,0,3,"-7,15118983",-3491012184,"SPRF-PB","DEL01-PB","UOP01-DEL01-PB"
523002,2023-05-14,"domingo",10:15:00,"PB",230,"316,3","SAO MAMEDE","Transitar na contramão","Colisão frontal","Com Vítimas Fatais","Pleno dia","Crescente","Céu Claro","Simples","Curva","Não",2,1,0,0,0,1,0,2,"-6,9507",-371169,"SPRF-PB","DEL03-PB","UOP01-DEL03-PB"
523005,2023-05-14,"domingo",11:00:00,"PB",101,"85,5","BAYEUX","Pedestre cruzava a pista fora da faixa","Atropelamento de Pedestre","Com Vítimas Fatais","Pleno dia","Crescente","Céu Claro","Dupla","Reta","Sim",2,1,0,0,0,1,0,1,"-7,14538184",-3491662887,"SPRF-PB","DEL01-PB","UOP01-DEL01-PB"
523007,2023-05-14,"domingo",12:10:00,"PB",230,"507,6","CAJAZEIRAS","Acessar a via sem observar a presença dos outros veículos","Colisão transversal","Com Vítimas Feridas","Pleno dia","Crescente","Nublado","Simples","Não Informado","Sim",3,0,1,1,0,1,2,2,"-6,9024",-385643,"SPRF-PB","DEL03-PB","UOP03-DEL03-PB"
523036,2023-05-14,"domingo",14:10:00,"PB",230,"106","MOGEIRO","Condutor Dormindo","Saída de leito carroçável","Com Vítimas Feridas","Pleno dia","Decrescente","Chuva","Dupla","Curva","Não",1,0,1,0,0,0,1,1,"-7,2083",-355318,"SPRF-PB","DEL01-PB","UOP03-DEL01-PB"
523060,2023-05-14,"domingo",16:00:00,"PB",230,"124","RIACHAO DO BACAMARTE","Pista Escorregadia","Saída de leito carroçável","Com Vítimas Feridas","Pleno dia","Crescente","Chuva","Dupla","Desvio Temporário","Não",4,0,3,1,0,0,4,1,"-7,2465",-356751,"SPRF-PB","DEL02-PB","UOP01-DEL02-PB"
523061,2023-05-14,"domingo",17:30:00,"PB",230,"12,7","CABEDELO","Pedestre cruzava a pista fora da faixa","Atropelamento de Pedestre","Com Vítimas Feridas","Anoitecer","Decrescente","Céu Claro","Dupla","Reta","Sim",2,0,0,1,1,0,1,1,"-7,068",-3485,"SPRF-PB","DEL01-PB","UOP01-DEL01-PB"
523065,2023-05-14,"domingo",17:15:00,"PB",101,"88,9","JOAO PESSOA","Condutor deixou de manter distância do veículo da frente","Colisão traseira","Com Vítimas Feridas","Plena Noite","Crescente","Céu Claro","Dupla","Reta","Sim",3,0,2,0,1,0,2,2,"-7,16470016",-3489993643,"SPRF-PB","DEL01-PB","UOP02-DEL01-PB"
523367,2023-05-16,"terça-feira",06:10:00,"PB",101,"88,3","JOAO PESSOA","Pista Escorregadia","Tombamento","Com Vítimas Feridas","Pleno dia","Crescente","Garoa/Chuvisco","Dupla","Reta","Sim",1,0,1,0,0,0,1,1,"-7,16470016",-3489993643,"SPRF-PB","DEL01-PB","UOP01-DEL01-PB"
523456,2023-05-16,"terça-feira",15:30:00,"PB",230,"139,5","CAMPINA GRANDE","Entrada inopinada do pedestre","Atropelamento de Pedestre","Com Vítimas Feridas","Pleno dia","Decrescente","Céu Claro","Dupla","Reta","Não",3,0,1,0,1,1,1,1,"-7,268",-357991,"SPRF-PB","DEL02-PB","UOP01-DEL02-PB"
523560,2023-05-17,"quarta-feira",06:40:00,"PB",101,"77,9","SANTA RITA","Chuva","Colisão com objeto","Com Vítimas Feridas","Pleno dia","Crescente","Garoa/Chuvisco","Dupla","Reta","Não",1,0,0,1,0,0,1,1,"-7,107827",-34963207,"SPRF-PB","DEL01-PB","UOP04-DEL01-PB"
523728,2023-05-18,"quinta-feira",07:00:00,"PB",101,"96,8","CONDE","Acumulo de água sobre o pavimento","Tombamento","Com Vítimas Feridas","Pleno dia","Crescente","Chuva","Dupla","Reta","Não",1,0,1,0,0,0,1,1,"-7,23612638",-3492558002,"SPRF-PB","DEL01-PB","UOP02-DEL01-PB"
523739,2023-05-18,"quinta-feira",07:22:00,"PB",230,"157,7","CAMPINA GRANDE","Desrespeitar a preferência no cruzamento","Colisão transversal","Com Vítimas Feridas","Pleno dia","Crescente","Céu Claro","Simples","Retorno Regulamentado","Sim",2,0,0,1,1,0,1,2,"-7,264",-359199,"SPRF-PB","DEL02-PB","UOP01-DEL02-PB"
523742,2023-05-18,"quinta-feira",08:05:00,"PB",230,"25","JOAO PESSOA","Manobra de mudança de faixa","Colisão lateral mesmo sentido","Com Vítimas Feridas","Pleno dia","Crescente","Garoa/Chuvisco","Dupla","Não Informado","Sim",3,0,1,0,2,0,1,3,"-7,1707",-348684,"SPRF-PB","DEL01-PB","UOP01-DEL01-PB"
523755,2023-05-18,"quinta-feira",08:40:00,"PB",230,"36","SANTA RITA","Pista Escorregadia","Colisão lateral mesmo sentido","Com Vítimas Feridas","Pleno dia","Decrescente","Chuva","Dupla","Não Informado","Sim",2,0,1,0,1,0,1,2,"-7,125245",-34946927,"SPRF-PB","DEL01-PB","UOP03-DEL01-PB"
524002,2023-05-19,"sexta-feira",13:25:00,"PB",230,"19","JOAO PESSOA","Reação tardia ou ineficiente do condutor","Tombamento","Com Vítimas Feridas","Pleno dia","Decrescente","Sol","Dupla","Não Informado","Sim",1,0,1,0,0,0,1,1,"-7,1281",-348466,"SPRF-PB","DEL01-PB","UOP01-DEL01-PB"
524009,2023-05-19,"sexta-feira",14:15:00,"PB",230,"311,1","SAO MAMEDE","Ingestão de álcool pelo condutor","Tombamento","Com Vítimas Feridas","Pleno dia","Decrescente","Sol","Simples","Reta","Não",1,0,1,0,0,0,1,1,"-6,9286",-370745,"SPRF-PB","DEL03-PB","UOP01-DEL03-PB"
524062,2023-05-19,"sexta-feira",17:50:00,"PB",101,"52","CAPIM","Pedestre andava na pista","Atropelamento de Pedestre","Com Vítimas Fatais","Plena Noite","Crescente","Céu Claro","Dupla","Desvio Temporário","Não",2,1,0,0,0,1,0,1,"-6,93821564",-3509935736,"SPRF-PB","DEL01-PB","UOP04-DEL01-PB"
524235,2023-05-20,"sábado",07:30:00,"PB",230,"11,2","JOAO PESSOA","Manobra de mudança de faixa","Colisão lateral mesmo sentido","Com Vítimas Feridas","Pleno dia","Crescente","Céu Claro","Dupla","Reta","Sim",2,0,1,0,0,1,1,2,"-7,0596",-348506,"SPRF-PB","DEL01-PB","UOP01-DEL01-PB"
524239,2023-05-20,"sábado",13:35:00,"PB",427,"37,3","POMBAL","Ausência de reação do condutor","Saída de leito carroçável","Com Vítimas Feridas","Pleno dia","Decrescente","Céu Claro","Simples","Reta","Sim",1,0,0,1,0,0,1,1,"-6,76405124",-3778910384,"SPRF-PB","DEL03-PB","UOP02-DEL03-PB"
524241,2023-05-20,"sábado",13:30:00,"PB",230,"41,3","SANTA RITA","Velocidade Incompatível","Tombamento","Com Vítimas Feridas","Pleno dia","Decrescente","Céu Claro","Dupla","Curva","Sim",1,0,0,1,0,0,1,1,"-7,1432",-349869,"SPRF-PB","DEL01-PB","UOP03-DEL01-PB"
524318,2023-05-20,"sábado",19:30:00,"PB",230,"153","CAMPINA GRANDE","Ingestão de álcool pelo condutor","Colisão traseira","Com Vítimas Feridas","Plena Noite","Crescente","Céu Claro","Dupla","Não Informado","Sim",2,0,0,1,0,1,1,2,"-7,2763",-358887,"SPRF-PB","DEL02-PB","UOP01-DEL02-PB"
524339,2023-05-20,"sábado",21:40:00,"PB",230,"21,9","JOAO PESSOA","Ingestão de álcool pelo condutor","Colisão transversal","Sem Vítimas","Plena Noite","Crescente","Céu Claro","Dupla","Reta","Sim",2,0,0,0,2,0,0,2,"-7,14623784",-3485087872,"SPRF-PB","DEL01-PB","UOP01-DEL01-PB"
524437,2023-05-21,"domingo",11:25:00,"PB",101,"124","CAAPORA","Velocidade Incompatível","Saída de leito carroçável","Com Vítimas Feridas","Pleno dia","Crescente","Sol","Dupla","Não Informado","Não",4,0,1,3,0,0,4,1,"-7,4687065",-3497707063,"SPRF-PB","DEL01-PB","UOP02-DEL01-PB"
524452,2023-05-21,"domingo",12:20:00,"PB",230,"41","SANTA RITA","Condutor Dormindo","Saída de leito carroçável","Sem Vítimas","Pleno dia","Decrescente","Céu Claro","Dupla","Não Informado","Não",1,0,0,0,1,0,0,1,"-7,1432",-349869,"SPRF-PB","DEL01-PB","UOP03-DEL01-PB"
524499,2023-01-24,"terça-feira",17:20:00,"PB",230,"25","JOAO PESSOA","Reação tardia ou ineficiente do condutor","Colisão lateral mesmo sentido","Sem Vítimas","Anoitecer","Decrescente","Céu Claro","Simples","Reta","Sim",6,0,0,0,6,0,0,2,"-7,16950718",-3487847458,"SPRF-PB","DEL01-PB","UOP01-DEL01-PB"
524535,2023-05-21,"domingo",19:05:00,"PB",230,"157,7","CAMPINA GRANDE","Acessar a via sem observar a presença dos outros veículos","Colisão transversal","Com Vítimas Feridas","Plena Noite","Decrescente","Céu Claro","Simples","Reta","Sim",3,0,0,2,1,0,2,2,"-7,264",-359199,"SPRF-PB","DEL02-PB","UOP01-DEL02-PB"
524597,2023-05-22,"segunda-feira",06:40:00,"PB",101,"97,7","CONDE","Pista Escorregadia","Tombamento","Com Vítimas Feridas","Pleno dia","Decrescente","Nublado","Dupla","Não Informado","Sim",1,0,1,0,0,0,1,1,"-7,23846306",-349268519,"SPRF-PB","DEL01-PB","UOP02-DEL01-PB"
524684,2023-04-29,"sábado",17:00:00,"PB",230,"286","SANTA LUZIA","Transitar na contramão","Colisão lateral sentido oposto","Com Vítimas Feridas","Pleno dia","Crescente","Céu Claro","Simples","Não Informado","Não",6,0,1,0,5,0,1,2,"-6,8978",-368794,"SPRF-PB","DEL03-PB","UOP01-DEL03-PB"
524708,2023-05-22,"segunda-feira",17:45:00,"PB",101,"87,4","JOAO PESSOA","Animais na Pista","Atropelamento de Animal","Com Vítimas Feridas","Anoitecer","Crescente","Nublado","Dupla","Não Informado","Sim",1,0,1,0,0,0,1,1,"-7,16318138",-3490192294,"SPRF-PB","DEL01-PB","UOP01-DEL01-PB"
524768,2023-05-22,"segunda-feira",22:15:00,"PB",230,"463,6","SOUSA","Animais na Pista","Atropelamento de Animal","Sem Vítimas","Plena Noite","Crescente","Nublado","Simples","Reta","Sim",1,0,0,0,1,0,0,1,"-6,7783",-382256,"SPRF-PB","DEL03-PB","UOP03-DEL03-PB"
524895,2023-05-23,"terça-feira",17:25:00,"PB",101,"92,2","JOAO PESSOA","Transitar na contramão","Colisão frontal","Com Vítimas Feridas","Plena Noite","Decrescente","Nublado","Dupla","Reta","Sim",2,0,1,0,1,0,1,2,"-7,19683829",-3490588313,"SPRF-PB","DEL01-PB","UOP02-DEL01-PB"
524899,2023-05-23,"terça-feira",17:30:00,"PB",104,"137","QUEIMADAS","Animais na Pista","Atropelamento de Animal","Com Vítimas Feridas","Anoitecer","Decrescente","Nublado","Simples","Reta","Sim",2,0,2,0,0,0,2,1,"-7,352277",-3590094,"SPRF-PB","DEL02-PB","UOP03-DEL02-PB"
524966,2023-05-24,"quarta-feira",05:45:00,"PB",230,"115,8","INGA","Chuva","Capotamento","Com Vítimas Feridas","Amanhecer","Crescente","Chuva","Dupla","Curva","Não",1,0,1,0,0,0,1,1,"-7,2296",-355998,"SPRF-PB","DEL01-PB","UOP03-DEL01-PB"
524982,2023-05-24,"quarta-feira",09:10:00,"PB",230,"14","CABEDELO","Reação tardia ou ineficiente do condutor","Colisão traseira","Com Vítimas Feridas","Pleno dia","Crescente","Nublado","Dupla","Reta","Sim",3,0,2,0,1,0,2,2,"-7,0844",-348488,"SPRF-PB","DEL01-PB","UOP01-DEL01-PB"
525035,2023-05-24,"quarta-feira",15:00:00,"PB",230,"36","SANTA RITA","Velocidade Incompatível","Saída de leito carroçável","Sem Vítimas","Pleno dia","Crescente","Nublado","Dupla","Curva","Não",1,0,0,0,1,0,0,1,"-7,1246",-349473,"SPRF-PB","DEL01-PB","UOP03-DEL01-PB"
525057,2023-05-24,"quarta-feira",18:00:00,"PB",230,"21","JOAO PESSOA","Ausência de reação do condutor","Colisão traseira","Sem Vítimas","Plena Noite","Decrescente","Céu Claro","Dupla","Reta","Sim",4,0,0,0,4,0,0,4,"-7,1415",-348519,"SPRF-PB","DEL01-PB","UOP01-DEL01-PB"
525099,2023-05-24,"quarta-feira",18:50:00,"PB",230,"506","CAJAZEIRAS","Acessar a via sem observar a presença dos outros veículos","Colisão transversal","Com Vítimas Feridas","Plena Noite","Crescente","Céu Claro","Simples","Reta","Sim",3,0,2,1,0,0,3,2,"-6,9008",-385559,"SPRF-PB","DEL03-PB","UOP03-DEL03-PB"
525128,2023-05-25,"quinta-feira",01:45:00,"PB",230,"28,3","JOAO PESSOA","Velocidade Incompatível","Colisão com objeto","Com Vítimas Feridas","Plena Noite","Crescente","Nublado","Dupla","Curva","Sim",1,0,1,0,0,0,1,1,"-7,16496217",-3489466099,"SPRF-PB","DEL01-PB","UOP01-DEL01-PB"
525158,2023-05-25,"quinta-feira",07:00:00,"PB",230,"11,1","CABEDELO","Acessar a via sem observar a presença dos outros veículos","Colisão transversal","Com Vítimas Feridas","Pleno dia","Decrescente","Chuva","Dupla","Não Informado","Sim",2,0,1,1,0,0,2,2,"-7,0596",-348506,"SPRF-PB","DEL01-PB","UOP01-DEL01-PB"
525168,2023-05-25,"quinta-feira",08:55:00,"PB",230,"11,5","CABEDELO","Acessar a via sem observar a presença dos outros veículos","Colisão transversal","Sem Vítimas","Pleno dia","Decrescente","Sol","Dupla","Reta","Sim",2,0,0,0,2,0,0,2,"-7,0596",-348506,"SPRF-PB","DEL01-PB","UOP01-DEL01-PB"
525203,2023-05-25,"quinta-feira",12:00:00,"PB",230,"123,1","RIACHAO DO BACAMARTE","Velocidade Incompatível","Saída de leito carroçável","Com Vítimas Feridas","Pleno dia","Crescente","Nublado","Simples","Curva","Não",1,0,1,0,0,0,1,1,"-7,247405",-35673643,"SPRF-PB","DEL02-PB","UOP01-DEL02-PB"
525232,2023-05-25,"quinta-feira",14:40:00,"PB",101,"86,5","JOAO PESSOA","Acessar a via sem observar a presença dos outros veículos","Atropelamento de Pedestre","Com Vítimas Feridas","Pleno dia","Crescente","Céu Claro","Dupla","Reta","Sim",4,0,1,0,3,0,1,1,"-7,15552749",-3490760922,"SPRF-PB","DEL01-PB","UOP01-DEL01-PB"
525248,2023-05-25,"quinta-feira",15:25:00,"PB",104,"118,9","CAMPINA GRANDE","Ausência de reação do condutor","Colisão traseira","Com Vítimas Feridas","Pleno dia","Decrescente","Nublado","Simples","Não Informado","Não",3,0,1,0,2,0,1,3,"-7,19637839",-3587571339,"SPRF-PB","DEL02-PB","UOP04-DEL02-PB"